<?xml version="1.0" encoding="UTF-8"?>
<project-private xmlns="http://www.netbeans.org/ns/project-private/1">
    <editor-bookmarks xmlns="http://www.netbeans.org/ns/editor-bookmarks/2" lastBookmarkId="0"/>
    <open-files xmlns="http://www.netbeans.org/ns/projectui-open-files/2">
        <group>
            <file>file:/C:/Users/Thashan%20Govender/Desktop/MittFit/public_html/admin-login.html</file>
            <file>file:/C:/Users/Thashan%20Govender/Desktop/MittFit/public_html/user-dashboard.html</file>
            <file>file:/C:/Users/Thashan%20Govender/Desktop/MittFit/public_html/contact.html</file>
            <file>file:/C:/Users/Thashan%20Govender/Desktop/MittFit/public_html/login-section.html</file>
            <file>file:/C:/Users/Thashan%20Govender/Desktop/MittFit/public_html/trainer-dashboard.html</file>
            <file>file:/C:/Users/Thashan%20Govender/Desktop/MittFit/public_html/admin-dashboard.html</file>
            <file>file:/C:/Users/Thashan%20Govender/Desktop/MittFit/public_html/payment-page.html</file>
            <file>file:/C:/Users/Thashan%20Govender/Desktop/MittFit/public_html/getin.html</file>
            <file>file:/C:/Users/Thashan%20Govender/Desktop/MittFit/public_html/register.html</file>
            <file>file:/C:/Users/Thashan%20Govender/Desktop/MittFit/public_html/user-login-section.html</file>
            <file>file:/C:/Users/Thashan%20Govender/Desktop/MittFit/public_html/index.html</file>
            <file>file:/C:/Users/Thashan%20Govender/Desktop/MittFit/public_html/about.html</file>
            <file>file:/C:/Users/Thashan%20Govender/Desktop/MittFit/public_html/trainer-login.html</file>
        </group>
    </open-files>
</project-private>
